{
  "groups": {
    "rare": [
      "target_2_8",
      "target_2_7",
      "target_6_5",
      "target_3_3",
      "target_2_3",
      "target_3_5",
      "target_1_5",
      "target_2_5",
      "target_9_4",
      "target_3_4"
    ],
    "hard": [
      "target_9_3",
      "target_9_6",
      "target_3_1",
      "target_6_1",
      "target_5_2",
      "target_6_2",
      "target_2_4",
      "target_5_1",
      "target_10_1",
      "target_2_6"
    ],
    "common": [
      "target_1_1",
      "target_1_2",
      "target_1_3",
      "target_1_4",
      "target_2_1",
      "target_2_2",
      "target_3_2",
      "target_4_1",
      "target_6_3",
      "target_6_4",
      "target_7_1",
      "target_7_2",
      "target_7_3",
      "target_8_1",
      "target_8_2",
      "target_8_3",
      "target_9_1",
      "target_9_2",
      "target_9_5",
      "target_9_7",
      "target_9_8"
    ]
  },
  "stats": {
    "n_targets": 41,
    "rare_top_k": 10,
    "hard_top_k": 10,
    "rare_max_rate": 0.01,
    "positive_rate": {
      "target_1_1": 0.010396,
      "target_1_2": 0.003425333333333333,
      "target_1_3": 0.023785333333333332,
      "target_1_4": 0.023429333333333333,
      "target_1_5": 0.0018386666666666666,
      "target_2_1": 0.007088,
      "target_2_2": 0.025345333333333334,
      "target_2_3": 0.001388,
      "target_2_4": 0.007569333333333333,
      "target_2_5": 0.0018946666666666667,
      "target_2_6": 0.004406666666666666,
      "target_2_7": 0.0003026666666666667,
      "target_2_8": 0.00011066666666666667,
      "target_3_1": 0.09837333333333333,
      "target_3_2": 0.09740933333333333,
      "target_3_3": 0.0011866666666666666,
      "target_3_4": 0.001952,
      "target_3_5": 0.0014173333333333334,
      "target_4_1": 0.008129333333333334,
      "target_5_1": 0.009344,
      "target_5_2": 0.0025586666666666666,
      "target_6_1": 0.008830666666666667,
      "target_6_2": 0.007388,
      "target_6_3": 0.005805333333333333,
      "target_6_4": 0.007854666666666666,
      "target_6_5": 0.0005586666666666666,
      "target_7_1": 0.0625,
      "target_7_2": 0.027672,
      "target_7_3": 0.004245333333333334,
      "target_8_1": 0.102496,
      "target_8_2": 0.032529333333333334,
      "target_8_3": 0.019137333333333333,
      "target_9_1": 0.0036346666666666667,
      "target_9_2": 0.036449333333333334,
      "target_9_3": 0.018678666666666666,
      "target_9_4": 0.00194,
      "target_9_5": 0.006582666666666666,
      "target_9_6": 0.223072,
      "target_9_7": 0.077248,
      "target_9_8": 0.010433333333333333,
      "target_10_1": 0.315052
    },
    "hard_scores": {
      "target_9_3": 0.6893043517232293,
      "target_9_6": 0.692660427266895,
      "target_3_1": 0.6961463535011434,
      "target_6_1": 0.737910840362811,
      "target_5_2": 0.7389957344943654,
      "target_6_2": 0.7391056212754199,
      "target_2_4": 0.7539657973747971,
      "target_5_1": 0.755352453200944,
      "target_10_1": 0.7563613206351925,
      "target_2_6": 0.7601543989930655
    }
  }
}